上步盛夏公寓,【整租】上步,,https://legoclick.58.com/cpaclick?target=szq1XB3draOWUvYf0A-80A7Guvq8uL-ds1nvPWcdPjD3P1cYnWEOXaO1pZwVUT7bsHK-PhuWnjRWsHwBnynVPj--PBY3mvnOsynLnhPBP1E3Pjb3mkDYPHndP10zPHnvPjcYnTDKn1mvnWNYnH9LnWEzPjbKPHTknjTkTHNknjTknTDLnjD1PTDYTHDdPHDdPjcdrj0QPjDKnE7AEzdkmzd_pgPYUARhITDQTHDKTiYQTEDzPjbQnHEvP1cvrjDOrHcKnTDQnHczrjC1njTkg1NknjT_nHDznWblnHKxn1T_nHDznHblnEDQTymkPjNvmWmvsH6hnjNVPjELPzY3PyEdsHuWP1T3Pvc3mhnQuTDQnj0OnHbOnj0Qrj9zP1c1n1c3THDkP1bQrHbkP1D3nHNvnHEYPWEKTHEzrjcKPTDQsWTKTiYKTE7CIZwk01CfsLPlsWN3shPfUiqkpyOkmy-MUvOMXgNf0A3fnit4Uy-80ZFGmvNqn1Tkn7tdnjTkFh7zuyDqnHKxn1Thuh78uLPCpHYQTEDQnHn8nHDvsWbQsWDOrEDkTyOdUAkKni3kTHEzrjcKXLYKnHTknjmKnHTknj9dnE7-PjEkPHEkmBdBmyNYsHwWuhnVrANvPzY3PH03nA7bP1TvP1TKTHTKrA7BPH9LuhnOP1RBm1-6n9&tid=e440540b-bae4-4cfc-8e67-85780ad70670
蛇口栖游记,栖游记,,https://legoclick.58.com/cpaclick?target=szq1XB3draOWUvYf0A-80A7Guvq8uL-ds1nLnHDYnjbzPH9kPjbzXaO1pZwVUT7bsHK-PhuWnjRWsHwBnynVPj--PBY3mvnOsynLnhPBP1E3Pjb3mkDYPjmLPjT3rHEQrHT1nTDKn10QnHEkrHcdrjTYrHcKPHTknjTkTHNknjTknTDLnjD1PTDYTHDdPHDdPjcdrj0QPjcKn97AEzdkmzd_pgPYUARhITDQTHDKTiYQTEDQnjm1PWT1rHbkrj0knHDknWT3THTKnHDznW9ln1Tkn7tdnjTksjDQnWcOrWDkg1nksjDQnWDOrWDKnE7bPhcQn1EYnBY3rjRbsHE1PhDVmWD3nzYdmhFbm1P-rjEYuHmKnHTOPHcQnHb1PWmzrjndrHDvrTDQnjbdnWDQrHnvPHmQnWEvnWT3TEDYnW9zTHEKni3kTEDVTEDKpZwY0Znlszq1XB3draOWUvYf0A-80A7Guvq8uL-dsLK8s1Df5vdGUMKzpyP-5HnknjKxPHTknau60hR65HDkg1nkFhu6UhI1pAbqnEDKnHD1sWDQPB3Oni3QrHbKnT78IyQ_THD8nTDYnW9zTgVqTHDknjTvTHDknjT3PHDKn1whmvu6mH9VuAu-PBYYmHN3sH9dujNVmHIhPycYuHmLPhN1TEDkTyczmhEkPjIbnWnQuyn1rHc&tid=34fcfaa8-dfe6-4a58-85d5-a7f5b4e676e3
魔方公寓（深圳）桃源村,桃源村,,https://legoclick.58.com/cpaclick?target=szq1XB3draOWUvYf0A-80A7Guvq8uL-ds1nvnj0dP1DvrHNLnWEzXaO1pZwVUT7bsHK-PhuWnjRWsHwBnynVPj--PBY3mvnOsynLnhPBP1E3Pjb3mkDYPjmLPjT3rHmYrHE1nTDKn1mkP1NLnHmOPH0zPjcKPHTknjTkTHNknjTknTDLnjD1PTDYTHDdPHDdPjcdrj0QPjcKnk7AEzdkmzd_pgPYUARhITDQTHDKTiYQTEDzPjbzPWmvnW01rHEdrHcKnTDQnHczrjC1njTkg1NknjT_nHDznWblnHKxn1T_nHDznHblnEDQTHmYPWDvn1cdsH9YrjEVPjD3uBY3n1EvsymOuAwBmyN3PH--n9DQnjmQnH9vPjEYnWTYnHbOrHnvTHDkPWDQrjmYPjEQPjDzrjbYP1cKTHEzrjcKPTDQsWTKTiYKTE7CIZwk01CfsLPlsWN3shPfUiqkpyOkmy-MUvOMXgNf0A3fnit4Uy-80ZFGmvNqn1Tkn7tdnjTkFh7zuyDqnHKxn1Thuh78uLPCpHYQTEDQnHn8nHDvsWbQsWDOrEDkTyOdUAkKni3kTHEzrjcKXLYKnHTknjmKnHTknj9dnEDQnvR6rHFhriYzrAPhsHw-uH9VmHnQmBdbPAuWn1D1PymdmhEKTHTKPvNOuj6WmWnOPHEkuyF6PT&tid=13ea92f9-28cf-4ee8-a31b-d4fc3135f5bd
岗厦本地共和社区,本地共和社区,,https://legoclick.58.com/cpaclick?target=pZwY0Znlszq1XB3draOWUvYf0A-80A7Guvq8uL-ds1n1P1NQnj0LnWnOPjbQXaO1pZwVUT7bsHK-PhuWnjRWsHwBnynVPj--PBY3mvnOsynLnhPBP1E3Pjb3mkDYPjmLPjT3rj93nWbvP9DKn1nLPHDkP10zn1bYrHDKPHTknjTkTHNknjTknTDLnjD1PTDYTHDdPHDdPjcdrj0QPjcKPT7AEzdkmzd_pgPYUARhITDQTHDKTiYQTEDzPjbQnHEdn1TOPWT1rHcKnTDQnHczrjC1njTkg1NknjT_nHDznWblnHKxn1T_nHDznHblnEDQTyNvmH7-nyNOsHDzn10VPAEOmzY3uWwbsHcOPhDzmvDkrHbQPEDzPjbQnHEvrjDYnjEYnWEKnWEOnHDYPW9Qn19zrHckTEDYnW9zTHEKni3kTEDVTEDKpZwY0Znlszq1XB3draOWUvYf0A-80A7Guvq8uL-dsLK8s1Df5vdGUMKzpyP-5HnknjKxPHTknau60hR65HDkg1nkFhu6UhI1pAbqnEDKnHD1sWDQPB3Oni3QrHbKnT78IyQ_THD8nTDYnW9zTgVqTHDknjTvTHDknjT3PHDKPv76rycOrjEVmWDzmBYYPvEksyD3nWnVmWNOP1ELmynvnWDvTEDkTH6Bn10vPHNduyNvP1Phnjc&tid=7aa9b984-b12b-47d0-a823-b59747ac6216
城果公寓景田,景田,,https://legoclick.58.com/cpaclick?target=szq1XB3draOWUvYf0A-80A7Guvq8uL-ds1ndrH9vPW9dnHb1PjT1XaO1pZwVUT7bsHK-PhuWnjRWsHwBnynVPj--PBY3mvnOsynLnhPBP1E3Pjb3mkDdnWcdrHcdrjTdPWEvnEDKn1NOrjmvrjNQrHnYnjnKPHTknjTkTHNknjTknTDLnjD1PTDYTHDdPHDdPjcdrj0QPjcKPE7AEzdkmzd_pgPYUARhITDQTHDKTiYQTEDzPjbvPjDQnHDQn1b1PHcKnTDQnHczrjC1njTkg1NknjT_nHDznWblnHKxn1T_nHDznHblnEDQTH9zujmvrjnLsHPbuhcVPjwWmBYOP1NvsHc3rj-WPhcYmhm3nEDQnjN3nWmOnjNQnWbdn19LPWE3THDkPH9zPWbkPHDzn1cYrjN1P10KTHEzrjcKPTDQsWTKTiYKTE7CIZwk01CfsLPlsWN3shPfUiqkpyOkmy-MUvOMXgNf0A3fnit4Uy-80ZFGmvNqn1Tkn7tdnjTkFh7zuyDqnHKxn1Thuh78uLPCpHYQTEDQnHn8nHDvsWbQsWDOrEDkTyOdUAkKni3kTHEzrjcKXLYKnHTknjmKnHTknj9dnE7-m1F6nHTLPiYkrAubsHE1Pj9VrH-6mzYzn166ny7-nvm3njTKTHTKP1bYmvN3PAm3PhwBrHuWPE&tid=ec2a1075-08fd-4348-99ac-238a1ae3f800
知更公寓西丽,西丽,,https://legoclick.58.com/cpaclick?target=szq1XB3draOWUvYf0A-80A7Guvq8uL-ds1nvnHmzn1DknHD1n1nQXaO1pZwVUT7bsHK-PhuWnjRWsHwBnynVPj--PBY3mvnOsynLnhPBP1E3Pjb3mkDdrHNLrHNvrjbznjNOnEDKn1mQPWc1nHTQnHn1n1DKPHTknjTkTHNknjTknTDLnjD1PTDYTHDdPHDdPjcdrj0QPjcKP97AEzdkmzd_pgPYUARhITDQTHDKTiYQTEDQnjm1rHbLrHEdn101rjTzPjbvTHTKnHDznW9ln1Tkn7tdnjTksjDQnWcOrWDkg1nksjDQnWDOrWDKnEDzmh7-Pjw6PBYLnHD1sHEYnAEVmhD3uBYduH9Qnhmdnj0LmWDKnHTvPjTzn1bzrjNLrHNvP1mQP9DQnjmYnjc1rHc3PHDvPWNLnHNzTEDYnW9zTHEKni3kTEDVTEDKpZwY0Znlszq1XB3draOWUvYf0A-80A7Guvq8uL-dsLK8s1Df5vdGUMKzpyP-5HnknjKxPHTknau60hR65HDkg1nkFhu6UhI1pAbqnEDKnHD1sWDQPB3Oni3QrHbKnT78IyQ_THD8nTDYnW9zTgVqTHDknjTvTHDknjT3PHDKuWRhPyEvPvNVuy7WmzYYuHbYsH--uWnVrjmYP1P6PjR6nhP-TEDkTyE1PWc1P1cQuywbuHFhrHm&tid=f5f5d67e-eacc-4e94-9ef3-86473a45a2ce
城果公寓下沙,下沙,,https://legoclick.58.com/cpaclick?target=szq1XB3draOWUvYf0A-80A7Guvq8uL-ds1ndP1cznHm1rHNYnWEQXaO1pZwVUT7bsHK-PhuWnjRWsHwBnynVPj--PBY3mvnOsynLnhPBP1E3Pjb3mkDdnWcdrHcdrjTdPWEvnEDKn1NLnWcQPWnOPHEzPjDKPHTknjTkTHNknjTknTDLnjD1PTDYTHDdPHDdPjcdrj0QPjcKPk7AEzdkmzd_pgPYUARhITDQTHDKTiYQTEDzPjbvPjDQnHDQn1b1PHcKnTDQnHczrjC1njTkg1NknjT_nHDznWblnHKxn1T_nHDznHblnEDQTyN1uhcYnynksywBPj9VPjP-uadBmWDQsHm3ryRbrjuWnvEOm9DQnjEOPWTQnWDOn1TOn191PW9QTHDkPjbvnjDznHb1n1Edn10znH0KTHEzrjcKPTDQsWTKTiYKTE7CIZwk01CfsLPlsWN3shPfUiqkpyOkmy-MUvOMXgNf0A3fnit4Uy-80ZFGmvNqn1Tkn7tdnjTkFh7zuyDqnHKxn1Thuh78uLPCpHYQTEDQnHn8nHDvsWbQsWDOrEDkTyOdUAkKni3kTHEzrjcKXLYKnHTknjmKnHTknj9dnE7BmHmdnhFhuadWP1cQsHwBuHcVrjNYmzYvrHFhrAc1mvndmvDKTHTKuAPbPjN1uyndnHRBnyDQu9&tid=ba652bfd-c721-4be2-854c-692f8b3cc5ca
海韵公寓蛇口,蛇口,,https://legoclick.58.com/cpaclick?target=szq1XB3draOWUvYf0A-80A7Guvq8uL-ds1nLnH9knjD1njDkrjEQXaO1pZwVUT7bsHK-PhuWnjRWsHwBnynVPj--PBY3mvnOsynLnhPBP1E3Pjb3mkD1n1mYrHEvnjEOnW9QnEDKn10QrjTknHnknHT3PjDKPHTknjTkTHNknjTknTDLnjD1PTDYTHDdPHDdPjcdrj0QPjcKrT7AEzdkmzd_pgPYUARhITDQTHDKTiYQTEDQnjbvnWbdPH0krHDdPj0Qn1mkTHTKnHDznW9ln1Tkn7tdnjTksjDQnWcOrWDkg1nksjDQnWDOrWDKnEDLnW-BmhDYPBdBrA76sHw-PvDVmWRbniYLrj91mHTOnj9OmHTKnHTOP1nLnWTQP1DYnW9kPjE3nTDQnjbLn10znjDLnHTkrjmdPHnvTEDYnW9zTHEKni3kTEDVTEDKpZwY0Znlszq1XB3draOWUvYf0A-80A7Guvq8uL-dsLK8s1Df5vdGUMKzpyP-5HnknjKxPHTknau60hR65HDkg1nkFhu6UhI1pAbqnEDKnHD1sWDQPB3Oni3QrHbKnT78IyQ_THD8nTDYnW9zTgVqTHDknjTvTHDknjT3PHDKuWmQuHPhuhcVnWR-miYYrAnQsH-BPjTVrAmzuW--ujIbuhc1TEDkTHw6rAw-mWKhPHubnj7bn1D&tid=f61e3ffb-25ea-48c1-9b40-8f2f9ed7dfb3
城果公寓景田,景田,,https://legoclick.58.com/cpaclick?target=szq1XB3draOWUvYf0A-80A7Guvq8uL-ds1ndrH9vPHnQnjN3P1N1XaO1pZwVUT7bsHK-PhuWnjRWsHwBnynVPj--PBY3mvnOsynLnhPBP1E3Pjb3mkDdnWcdrHcdrjTdPWEvnEDKn1NOrjmdn1DkPH9LPHnKPHTknjTkTHNknjTknTDLnjD1PTDYTHDdPHDdPjcdrj0QPjcKrE7AEzdkmzd_pgPYUARhITDQTHDKTiYQTEDzPjbvPjDQnHDQn1b1PHcKnTDQnHczrjC1njTkg1NknjT_nHDznWblnHKxn1T_nHDznHblnEDQTHn3Pjw-mWEvsHnznHmVPjm3uBdBm1E3syEvnAN3njubnjTYrEDQnjN3nWmYnjTkP1DQPWE1nHnLTHDkPH9zPWEknjTvPH0QnWbYP1cKTHEzrjcKPTDQsWTKTiYKTE7CIZwk01CfsLPlsWN3shPfUiqkpyOkmy-MUvOMXgNf0A3fnit4Uy-80ZFGmvNqn1Tkn7tdnjTkFh7zuyDqnHKxn1Thuh78uLPCpHYQTEDQnHn8nHDvsWbQsWDOrEDkTyOdUAkKni3kTHEzrjcKXLYKnHTknjmKnHTknj9dnEDOuHKhPhcOuidbP193sHE3mvmVmhuWnid6PHFbuynkP1IWnhEKTHTKujR-PjNvrAmvPHI-uH0Qu9&tid=9e0f6b9e-d788-48cf-bfc1-a52dec077c2d
城果公寓下沙,下沙,,https://legoclick.58.com/cpaclick?target=szq1XB3draOWUvYf0A-80A7Guvq8uL-ds1ndrH9vrHEvPWT3P19YXaO1pZwVUT7bsHK-PhuWnjRWsHwBnynVPj--PBY3mvnOsynLnhPBP1E3Pjb3mkDdnWcdrHcdrjTdPWEvnEDKn1NOrjmOPjmvnj9LrjEKPHTknjTkTHNknjTknTDLnjD1PTDYTHDdPHDdPjcdrj0QPjcKnHTKwbnV0AnVUA-1IAQ-uMEKnEDQTEDVnEDKnWEOPWEQnHDQnHnOn1NzTHTKnHDznW9ln1Tkn7tdnjTksjDQnWcOrWDkg1nksjDQnWDOrWDKnE7-m1D3nvNvnzdhmyNYsHEOPyEVrj0QnaY3P1nYmWFhmvRhPvEKnHTdrjcLP1mQP1nOn10dPjDQPTDQnjN3nW0LPWDLn1nkrjndPjNvTEDYnW9zTHEKni3kTEDVTEDKpZwY0Znlszq1XB3draOWUvYf0A-80A7Guvq8uL-dsLK8s1Df5vdGUMKzpyP-5HnknjKxPHTknau60hR65HDkg1nkFhu6UhI1pAbqnEDKnHD1sWDQPB3Oni3QrHbKnT78IyQ_THD8nTDYnW9zTgVqTHDknjTvTHDknjT3PHDKnHmLuj0znHcVuAm1PiYYnWwhsHbvnH0VrHmLPhc1ujbvnHn3TEDkTyckujmYujw6nyDYnHckmWb&tid=167d7212-df35-424f-9617-9676b3d96138
知更公寓西丽,西丽,,https://legoclick.58.com/cpaclick?target=szq1XB3draOWUvYf0A-80A7Guvq8uL-ds1nvnHmzn1Dzn1EOPjbQXaO1pZwVUT7bsHK-PhuWnjRWsHwBnynVPj--PBY3mvnOsynLnhPBP1E3Pjb3mkDdrHNLrHNvrjbznjNOnEDKn1mQPWc1nHc1PjbYrHDKPHTknjTkTHNknjTknTDLnjD1PTDYTHDdPHDdPjcdrj0QPjcKnHDKwbnV0AnVUA-1IAQ-uMEKnEDQTEDVnEDKnHTvn1bOP1bYPHnLn19knWEOP9DkTHDQnWc3rWnknjKxPHTknakQnHczrHCQn7t1nakQnHcQrHCQTHDKPAndnHbdnjNVuWbkmiYYmvubsH-brjEVPjP6nWNzPhwhuymdTHDkPWEknWEknjcknH0vPjTYPj9KnHTvPjTzPjTknHbYPWn1P1c3nTDKPjc3n9DYTHD8nTDKsEDKTy6YIZK1rBtf0LC8PH98mvqVsLKGUMK6pyIfUhIOIiqkUBtQs1qVpyOk0h-WuHY1njTkg1NknjThmgF-mHYQn7t1nauhmyOM0v6G5HDKTHDQnz3QnHm8rHD8nHbOTHTKUMR_UTDQsWTKPjc3n97exEDQnjTkP9DQnjTkrjNQTHD1nAmvrAEQsyczPhNVPjELPaY3PjNvsHTQuj0vnHn1ujmkP9DKnTDkmymzrHTQrjTdPj91rHF-&tid=130f68d1-b26e-4474-8456-01d76133d606
蜂趣公寓赤尾,赤尾,,https://legoclick.58.com/cpaclick?target=szq1XB3draOWUvYf0A-80A7Guvq8uL-ds1nvrjcLnj0Qn1TLnHNdXaO1pZwVUT7bsHK-PhuWnjRWsHwBnynVPj--PBY3mvnOsynLnhPBP1E3Pjb3mkD1P1bYPHcYn1bQPj0vPkDKn1m3nW0kP1D1nj0QPHNKPHTknjTkTHNknjTknTDLnjD1PTDYTHDdPHDdPjcdrj0QPjcKnHcKwbnV0AnVUA-1IAQ-uMEKnEDQTEDVnEDKnHTvn1nznjTzPWDzPHD3rHDznTDkTHDQnWc3rWnknjKxPHTknakQnHczrHCQn7t1nakQnHcQrHCQTHDKuWE1nyFBmyNVPWb1naYYPWKWsHbLmHTVrjI6nWcvm10LuHIBTHDkrjN3njm3nWnYPjmOPjb3rj9KnHT3PH9kPW9zn1cOPHbdrHTYnTDKPjc3n9DYTHD8nTDKsEDKTy6YIZK1rBtf0LC8PH98mvqVsLKGUMK6pyIfUhIOIiqkUBtQs1qVpyOk0h-WuHY1njTkg1NknjThmgF-mHYQn7t1nauhmyOM0v6G5HDKTHDQnz3QnHm8rHD8nHbOTHTKUMR_UTDQsWTKPjc3n97exEDQnjTkP9DQnjTkrjNQTH9vmWm3PWF-sH9OPWTVPARBPadBuHFbsyEOuADQnynQrHwWmkDKnTDOP1uWnHnQm101mWwhPHTz&tid=86b6862e-8960-4eb4-be2d-d9da11c194cc
海绵CEO公馆新安,新安,,https://legoclick.58.com/cpaclick?target=szq1XB3draOWUvYf0A-80A7Guvq8uL-ds1nLnH9Yrjn3n1bLnWDQXaO1pZwVUT7bsHK-PhuWnjRWsHwBnynVPj--PBY3mvnOsynLnhPBP1E3Pjb3mkDvnjcYnWNQP1c3n19dPkDKn10QrjE3n191rH0znHDKPHTknjTkTHNknjTknTDLnjD1PTDYTHDdPHDdPjcdrj0QPjnKnHnKwbnV0AnVUA-1IAQ-uMEKnEDQTEDVnEDKnHTLn1EOPj0kPWNzPWDkrHmOP9DkTHDQnWc3rWnknjKxPHTknakQnHczrHCQn7t1nakQnHcQrHCQTHDKnWmQPvEQn19VPjbkuaYYPWN1sHbYmvEVrAu-PWKBuyRBrjuBTHDkrH0dn1TQn1NYnWEzrjcvnWEKnHTOP1N1njD1PHnvnHnvrjTvPTDKPjc3n9DYTHD8nTDKsEDKTy6YIZK1rBtf0LC8PH98mvqVsLKGUMK6pyIfUhIOIiqkUBtQs1qVpyOk0h-WuHY1njTkg1NknjThmgF-mHYQn7t1nauhmyOM0v6G5HDKTHDQnz3QnHm8rHD8nHbOTHTKUMR_UTDQsWTKPjc3n97exEDQnjTkP9DQnjTkrjNQTyRhuhm1n1EQsHb1P1DVPjDOPiYOm1N3sHNYPvu6nyuWm1RbuEDKnT7buW6-P10YPj93uAEQn1cO&tid=efff3341-9371-4195-9c58-547fa1fcc5de
海绵CEO公馆新安,新安,,https://legoclick.58.com/cpaclick?target=szq1XB3draOWUvYf0A-80A7Guvq8uL-ds1nLnHmLPjc3njDLPjELXaO1pZwVUT7bsHK-PhuWnjRWsHwBnynVPj--PBY3mvnOsynLnhPBP1E3Pjb3mkDvnjcYnWNQP1c3n19dPkDKn10QPW0YnW9knH0YPj0KPHTknjTkTHNknjTknTDLnjD1PTDYTHDdPHDdPjcdrj0QPjnKnHEKwbnV0AnVUA-1IAQ-uMEKnEDQTEDVnEDKnHTLn1EOPj0kPWNzPWDkrHmOP9DkTHDQnWc3rWnknjKxPHTknakQnHczrHCQn7t1nakQnHcQrHCQTHDKn1DLm1TdnAmVmy7bPBYYuHnvsHbzrjNVnyDknjbzuyF-mvmOTHDkrHmOPHbvn1cQPHE1nj9vnj9KnHTOPWbdrHm1nWDQnWnvrHmvPTDKPjc3n9DYTHD8nTDKsEDKTy6YIZK1rBtf0LC8PH98mvqVsLKGUMK6pyIfUhIOIiqkUBtQs1qVpyOk0h-WuHY1njTkg1NknjThmgF-mHYQn7t1nauhmyOM0v6G5HDKTHDQnz3QnHm8rHD8nHbOTHTKUMR_UTDQsWTKPjc3n97exEDQnjTkP9DQnjTkrjNQTH0duy7BnjmOsH01mH0VPAmLraYOuAmOsyn1uW7BryEknWckPEDKnTDkmyDQnvwBPvEduyNLPWD3&tid=75eab069-73a7-4f78-9df9-c3f1b9d02205
海绵CEO公馆新安,新安,,https://legoclick.58.com/cpaclick?target=szq1XB3draOWUvYf0A-80A7Guvq8uL-ds1nvrjmOPW9Lnj9OnjEQXaO1pZwVUT7bsHK-PhuWnjRWsHwBnynVPj--PBY3mvnOsynLnhPBP1E3Pjb3mkDvnjcYnWNQP1c3n19dPkDKn1m3PWbvrj0krjbkPjDKPHTknjTkTHNknjTknTDLnjD1PTDYTHDdPHDdPjcdrj0QPjnKnHNKwbnV0AnVUA-1IAQ-uMEKnEDQTEDVnEDKnHTLn1EOPj0kPWNzPWDkrHmOP9DkTHDQnWc3rWnknjKxPHTknakQnHczrHCQn7t1nakQnHcQrHCQTHDKmhmYnAnknWnVrHcOraYYPvDOsH66P1DVmWD1Ph7hnAwhP193THDkrj0znjnzPH01PHE1njNdn1mKnHT3P1ckn1cdP1cOnHnOnjbLP9DKPjc3n9DYTHD8nTDKsEDKTy6YIZK1rBtf0LC8PH98mvqVsLKGUMK6pyIfUhIOIiqkUBtQs1qVpyOk0h-WuHY1njTkg1NknjThmgF-mHYQn7t1nauhmyOM0v6G5HDKTHDQnz3QnHm8rHD8nHbOTHTKUMR_UTDQsWTKPjc3n97exEDQnjTkP9DQnjTkrjNQTHm1nW7bmvDQsycQmHnVPAPbnid6PWuWsHu-P1NYmyPhPHcQm9DKnTDYPvnYnvEknWcQn1mQrjmz&tid=6321dca1-b1a3-4cd1-a66c-6e754acf521b
蜂趣公寓赤尾,赤尾,,https://legoclick.58.com/cpaclick?target=szq1XB3draOWUvYf0A-80A7Guvq8uL-ds1nvrjcLPHmzrHTvnHckXaO1pZwVUT7bsHK-PhuWnjRWsHwBnynVPj--PBY3mvnOsynLnhPBP1E3Pjb3mkD1P1bYPHcYn1bQPj0vPkDKn1m3nW0dPWcOnjmQnWTKPHTknjTkTHNknjTknTDLnjD1PTDYTHDdPHDdPjcdrj0QPjnKnHmKwbnV0AnVUA-1IAQ-uMEKnEDQTEDVnEDKnHTvn1nznjTzPWDzPHD3rHDznTDkTHDQnWc3rWnknjKxPHTknakQnHczrHCQn7t1nakQnHcQrHCQTHDKuhDLuH03P1mVmHubmiYYmHb3sycdPAnVnWnvPjbkryR-nhNkTHDkrjN3nWcOn1cQPWcQrHNYPHmKnHT3PH9znWb1nWDkn1ELPHcknTDKPjc3n9DYTHD8nTDKsEDKTy6YIZK1rBtf0LC8PH98mvqVsLKGUMK6pyIfUhIOIiqkUBtQs1qVpyOk0h-WuHY1njTkg1NknjThmgF-mHYQn7t1nauhmyOM0v6G5HDKTHDQnz3QnHm8rHD8nHbOTHTKUMR_UTDQsWTKPjc3n97exEDQnjTkP9DQnjTkrjNQTHbvrHEYmHTdsywhmymVPANdPaY3uHPBsHb1mycLP1P-Phu-uEDKnT7WmyFhnWDLnAnYm176mvw6&tid=96944a05-dfaf-4e54-8e3b-93ab773e6fee
蜂趣公寓赤尾,赤尾,,https://legoclick.58.com/cpaclick?target=szq1XB3draOWUvYf0A-80A7Guvq8uL-ds1nvrjcLnH9zPHT3nHmdXaO1pZwVUT7bsHK-PhuWnjRWsHwBnynVPj--PBY3mvnOsynLnhPBP1E3Pjb3mkD1P1bYPHcYn1bQPj0vPkDKn1m3nW0Qrjcdnj9QPWNKPHTknjTkTHNknjTknTDLnjD1PTDYTHDdPHDdPjcdrj0QPjnKnH0KwbnV0AnVUA-1IAQ-uMEKnEDQTEDVnEDKnHTvn1nznjTzPWDzPHD3rHDznTDkTHDQnWc3rWnknjKxPHTknakQnHczrHCQn7t1nakQnHcQrHCQTHDKPAmQrjnOnyEVmhmznBYYuHTdsyD1rycVnyRbPhEOnhD1m1FWTHDkrjN3nHTYPW0Yn1nkrHbzPWEKnHT3PH9QnjEvP1cLP1bQPjDQn9DKPjc3n9DYTHD8nTDKsEDKTy6YIZK1rBtf0LC8PH98mvqVsLKGUMK6pyIfUhIOIiqkUBtQs1qVpyOk0h-WuHY1njTkg1NknjThmgF-mHYQn7t1nauhmyOM0v6G5HDKTHDQnz3QnHm8rHD8nHbOTHTKUMR_UTDQsWTKPjc3n97exEDQnjTkP9DQnjTkrjNQTH0LPW0zuHEzsHm3nvNVPAu6miY3n1R6sHPBnvD3ujTvmyuhrTDKnTD3Pj9duW0znvm1mvN3mhEk&tid=77672e42-683e-4faa-835a-3b3a8d06aff8
石厦石厦,石厦,,https://legoclick.58.com/cpaclick?target=szq1XB3draOWUvYf0A-80A7Guvq8uL-ds1nLnWmLPHTQPH0Lrj0zXaO1pZwVUT7bsHK-PhuWnjRWsHwBnynVPj--PBY3mvnOsynLnhPBP1E3Pjb3mkDznH9vn1nvnWmOnHTLrTDKn10zPW0dnjDdP103P1cKPHTknjTkTHNknjTknTDLnjD1PTDYTHDdPHDdPjcdrj0QPjnKnH9KwbnV0AnVUA-1IAQ-uMEKnEDQTEDVnEDKnHTOPHN1P1DOnHN3nWEYrHmvPTDkTHDQnWc3rWnknjKxPHTknakQnHczrHCQn7t1nakQnHcQrHCQTHDKnjm1mWc1uymVnH9QuaYYuHTLsyDQn1TVP1cznWmQmy7-uyR-THDQnjTzn193PjcdPWckrH0QPHcKnHDknjc1rj9YnWNznjDdrjckrEDKPjc3n9DYTHD8nTDKsEDKTy6YIZK1rBtf0LC8PH98mvqVsLKGUMK6pyIfUhIOIiqkUBtQs1qVpyOk0h-WuHY1njTkg1NknjThmgF-mHYQn7t1nauhmyOM0v6G5HDKTHDQnz3QnHm8rHD8nHbOTHTKUMR_UTDQsWTKPjc3n97exEDQnjTkP9DQnjTkrjNQTHbOujnOmHbQsHPbmHEVPjPBuiY3my7-syuhujN3PAm1njKbmkDKnTDknyDkrjuWuH-WPjT1rH6W&tid=99d39a91-3da4-43be-8aae-ffd584f300dc
八卦岭城家高端公寓,【整租】八卦岭,,https://legoclick.58.com/cpaclick?target=szq1XB3draOWUvYf0A-80A7Guvq8uL-ds1nLn1TQnWmdPjNLPjcQXaO1pZwVUT7bsHK-PhuWnjRWsHwBnynVPj--PBY3mvnOsynLnhPBP1E3Pjb3mkD1nj0QnWmOrHb1PjcQrEDKn101njDzPWNYPH0YnWDKPHTknjTkTHNknjTknTDLnjD1PTDYTHDdPHDdPjcdrj0QPjnKnHbKwbnV0AnVUA-1IAQ-uMEKnEDQTEDVnEDKnHTLPHbzPj9Orj0QPWNOrjcLn9DkTHDQnWc3rWnknjKxPHTknakQnHczrHCQn7t1nakQnHcQrHCQTHDKuyczPy7-n1nVnA7-PBYYPjEQsH91PhmVm1K-mhNLrH0LPvD1THDQnjD1PjNznH01nHcLn1DQn1mKnHDknHnYPHcQP1cdPjTQPjbLP9DKPjc3n9DYTHD8nTDKsEDKTy6YIZK1rBtf0LC8PH98mvqVsLKGUMK6pyIfUhIOIiqkUBtQs1qVpyOk0h-WuHY1njTkg1NknjThmgF-mHYQn7t1nauhmyOM0v6G5HDKTHDQnz3QnHm8rHD8nHbOTHTKUMR_UTDQsWTKPjc3n97exEDQnjTkP9DQnjTkrjNQTHw6uynQPHNzsHKBPj0VPA7WnaY3uj0YsH76nvwbPWmvuyPBP9DKnTDOrjDOujTLPhw-PjwBPycQ&tid=4aec1552-0b47-4ac0-8d74-1a3dd666ecb6
八卦岭城家高级公寓,【整租】八卦岭,,https://legoclick.58.com/cpaclick?target=szq1XB3draOWUvYf0A-80A7Guvq8uL-ds1nLn1TQnHcYPHb3PjD1XaO1pZwVUT7bsHK-PhuWnjRWsHwBnynVPj--PBY3mvnOsynLnhPBP1E3Pjb3mkD1nj0QnWmOrHb1PjcQrEDKn101njDQnWEdrH9YnHnKPHTknjTkTHNknjTknTDLnjD1PTDYTHDdPHDdPjcdrj0QPjnKnWTKwbnV0AnVUA-1IAQ-uMEKnEDQTEDVnEDKnHTLPHbzPj9Orj0QPWNOrjcLn9DkTHDQnWc3rWnknjKxPHTknakQnHczrHCQn7t1nakQnHcQrHCQTHDKPAP6PvnduANVnHKBmiYYryNLsyczmhmVnynYmymQuHbYuH76THDQnjD1PjTvnjDLn10kn1DvrjTKnHDknHnYnjmknHm3nWNkrH9zPTDKPjc3n9DYTHD8nTDKsEDKTy6YIZK1rBtf0LC8PH98mvqVsLKGUMK6pyIfUhIOIiqkUBtQs1qVpyOk0h-WuHY1njTkg1NknjThmgF-mHYQn7t1nauhmyOM0v6G5HDKTHDQnz3QnHm8rHD8nHbOTHTKUMR_UTDQsWTKPjc3n97exEDQnjTkP9DQnjTkrjNQTHnkrHnLrynvsy7-uWDVPjubradBP10LsHKBPWIWnvndryn3nkDKnTDOnjTOnHcdn1bLryFhrARW&tid=309379c6-aef1-46d8-b777-0b67c3c59c83
八卦岭城家高级公寓,【整租】八卦岭,,https://legoclick.58.com/cpaclick?target=szq1XB3draOWUvYf0A-80A7Guvq8uL-ds1nLn1TQnH0vnWbkPH0zXaO1pZwVUT7bsHPbPy7BPHuhsyw-n1TVPjbdniYOuyPBsHDQmvN1rAcznWTkP9D1nj0QnWmOrHb1PjcQrEDKn101njDQP1mzrHTdP1cKPHTknjTkTHNknjTknTDLnjD1PTDYTHDdPHDdPjcdrj93nHnKnE7AEzdkmzd_pgPYUARhITDQTHcKTiYQTEDQnj0drHcYrjb3P1DvPHb3nW0zTHTKnHDznW9ln1Tkn7tdnjTksjDQnWcOrWDkg1nksjDQnWDOrWDKnEDYPW6bnvmQPadbuWwhsHEdmW0VrjR6nzY3Pvw-n1-hPAuBuHTKnHDknHnYnWcOPHNYn10OnHmQPkDQnHTQn1EznWbdPj9dnj0Qn1mQTEDYnW9zTHEKni3kTEDVTEDKpZwY0Znlszq1XB3draOWUvYf0A-80A7Guvq8uL-dsLK8s1cf5vdGUMKzpyP-5HnknjKxPHTknau60hR65HDkg1nkFhu6UhI1pAbqnEDKnHD1sWDQPB3Oni3QrHbKnT78IyQ_THD8nTDYnW9zTgVqTHDknjTvTHDknjT3PHDKPAmLn1DdryNVmyE1uiYYPjbYsyDLPhEVnAnknWRBPWRhPvcQTEDkTyEYrjKBuhNQmHubPjNkP1b&tid=4f73159e-ad3e-4494-a76d-0c025b65f7b1
深圳本地共和社区景田,景田,,https://legoclick.58.com/cpaclick?target=szq1XB3draOWUvYf0A-80A7Guvq8uL-ds1nvPWDdnH0OPHNdnWEkXaO1pZwVUT7bsHPbPy7BPHuhsyw-n1TVPjbdniYOuyPBsHDQmvN1rAcznWTkP9DYPjmLPjT3rj93nWbvP9DKn1mvnHNQP1bdPHNzPjTKPHTknjTkTHNknjTknTDLnjD1PTDYTHDdPHDdPjcdrj93nHEKn97AEzdkmzd_pgPYUARhITDQTHcKTiYQTEDzPjbQnHEdn1TOPWT1rHcKnTDQnHczrjC1njTkg1NknjT_nHDznWblnHKxn1T_nHDznHblnEDQTH6bP1DvmWRbsyw-rHDVPjcvnadBryDQsyEzmvcLnWw6PA7hnkDQnj03rjm1PHNYPjnOrjDOnWmYTHDkP193PWndPHE1rjDQnjnQnjEKTHEzrjcKPTDQsWTKTiYKTE7CIZwk01CfsLPlsWN3shPfUiqkpyOkmy-MUvOMXgNf0A3fnBt4Uy-80ZFGmvNqn1Tkn7tdnjTkFh7zuyDqnHKxn1Thuh78uLPCpHYQTEDQnHn8nHDvsWbQsWDOrEDkTyOdUAkKni3kTHEzrjcKXLYKnHTknjmKnHTknj9dnEDYnjcduWD3uaYOmymzsHELnhcVrjEznzdWrAPhujK-rHNYuhmKTHTKPvw-n1NYm1K-rjDdPyEQm9&tid=4025f18d-9af2-472b-8423-c8cfd0e954ff
